,file,folder
0,frame-68.png,mask/
1,frame-51.png,mask/
2,frame-37.png,mask/
3,frame-77.png,mask/
4,frame-15.png,mask/
5,frame-10.png,mask/
6,frame-21.png,mask/
7,frame-50.png,mask/
8,frame-54.png,mask/
9,frame-4.png,mask/
10,frame-61.png,mask/
11,frame-58.png,mask/
12,frame-1.png,mask/
13,frame-8.png,mask/
14,frame-5.png,mask/
15,frame-63.png,mask/
16,frame-13.png,mask/
17,frame-6.png,mask/
18,frame-44.png,mask/
19,frame-41.png,mask/
20,frame-42.png,mask/
21,frame-43.png,mask/
22,frame-52.png,mask/
23,frame-16.png,mask/
24,frame-67.png,mask/
25,frame-56.png,mask/
26,frame-26.png,mask/
27,frame-69.png,mask/
28,frame-74.png,mask/
29,frame-14.png,mask/
30,frame-0.png,mask/
31,frame-75.png,mask/
32,frame-11.png,mask/
33,frame-3.png,mask/
34,frame-64.png,mask/
35,frame-27.png,mask/
36,frame-19.png,mask/
37,frame-66.png,mask/
38,frame-49.png,mask/
39,frame-40.png,mask/
40,frame-59.png,mask/
41,frame-57.png,mask/
42,frame-46.png,mask/
43,frame-48.png,mask/
44,frame-70.png,mask/
45,frame-7.png,mask/
46,frame-45.png,mask/
47,frame-71.png,mask/
48,frame-12.png,mask/
49,frame-2.png,mask/
50,frame-73.png,mask/
51,frame-9.png,mask/
52,frame-203.jpg,background/
53,frame-183.jpg,background/
54,frame-192.jpg,background/
55,frame-181.jpg,background/
56,frame-195.jpg,background/
57,frame-199.jpg,background/
58,frame-212.jpg,background/
59,frame-196.jpg,background/
60,frame-176.jpg,background/
61,frame-207.jpg,background/
62,frame-177.jpg,background/
63,frame-185.jpg,background/
64,frame-197.jpg,background/
65,frame-202.jpg,background/
66,frame-205.jpg,background/
67,frame-206.jpg,background/
68,frame-180.jpg,background/
69,frame-210.jpg,background/
70,frame-198.jpg,background/
71,frame-187.jpg,background/
72,frame-175.jpg,background/
73,frame-188.jpg,background/
74,frame-194.jpg,background/
75,frame-204.jpg,background/
76,frame-173.jpg,background/
77,frame-211.jpg,background/
78,frame-189.jpg,background/
79,frame-184.jpg,background/
80,frame-201.jpg,background/
81,frame-186.jpg,background/
82,frame-200.jpg,background/
83,frame-190.jpg,background/
84,frame-209.jpg,background/
85,frame-179.jpg,background/
86,frame-174.jpg,background/
87,frame-191.jpg,background/
88,frame-193.jpg,background/
89,frame-208.jpg,background/
90,frame-182.jpg,background/
91,frame-178.jpg,background/
